DescrizioneTipoStruttura,IdStruttura,Nominativo,regione,provincia,prov_estesa,comune,Cap,Indirizzo,Telefono
CASA DI CURA,10527,CENTRO CHIRURGICO TOSCANO,Toscana,AR,Arezzo,Arezzo,52100,"VIA DEI LECCI, 22",057533351
CASA DI CURA,11008,SAN GIUSEPPE HOSPITAL,Toscana,AR,Arezzo,Arezzo,52100,"VIA A. FLEMING, 1/5",057537341
CENTRO POLISPECIALISTICO,34889,ISTITUTO BEATO GREGORIO X DI MATTEUCCI & PARTNERS SRL,Toscana,AR,Arezzo,Arezzo,52100,"VIA ANTONIO GARBASSO, 42/A",0575904721
COOPERATIVA,50019,COOPERATIVA SOCIALE PROGETTO ASSISTENZA,Toscana,AR,Arezzo,Arezzo,52100,VIA J.F.KENNEDY 91,0575908454
LABORATORIO ANALISI,85329,LIFEBRAIN TOSCANA S.R.L. - CP ERITREA,Toscana,AR,Arezzo,Arezzo,52100,"VIA ERITREA, 33-35",05751382806
LABORATORIO ANALISI,85330,LIFEBRAIN TOSCANA S.R.L. - LB TOSCANA,Toscana,AR,Arezzo,Arezzo,52100,"VIA MOLINARA, 33",05751485219
PSICOLOGI,83607,TODARO FRANCESCA,Toscana,AR,Arezzo,Arezzo,52100,VIA ALFIERI 49/A,3280570715
PSICOLOGI,83524,GORI ELEONORA,Toscana,AR,Arezzo,Arezzo,52100,"VIA PETRARCA, 4",3491950564
PSICOLOGI,83916,STOPPONI MARUSKA,Toscana,AR,Arezzo,Arezzo,52100,"VIA DEI PIOPPI, 25",3498054412
SOCIETA' DI SERVIZI,50020,TEVEREASSISTENDA DI BRUSCHI MARCO,Toscana,AR,Arezzo,Arezzo,52100,VIA A. DIAZ 7/C,057501480812
SOCIETA' DI SERVIZI,50024,MATTEO GAUDENZI DI MATTEO GAUDENZI,Toscana,AR,Arezzo,Arezzo,52100,VIA GALILEO FERRARIS 63,0735501544
SOCIETA' DI SERVIZI,50016,PROGETTO ASSISTENZA SRL,Toscana,AR,Arezzo,Arezzo,52100,VIA GALILEO FERRARIS 63,05751654705
STUDIO ODONTOIATRICO,84950,STUDIO ODONTOIATRICO DOTT.SSA SANCHEZ - ZITO SRL,Toscana,AR,Arezzo,Arezzo,52100,VIA ANTONIO GARBASSO 42,3926164986
STUDIO ODONTOIATRICO,87969,PRIMO SRL - CENTRI DENTISTICI PRIMO - SOLO FORMA INDIRETTA,Toscana,AR,Arezzo,Arezzo,52100,"PIAZZA RISORGIMENTO, 19",05751696034
STUDIO ODONTOIATRICO,41358,STUDIO ODONTOIATRICO DOTT. ANDREA PINESCHI,Toscana,AR,Arezzo,Arezzo,52100,"VIA GARIBALDI, 48",0575403676
STUDIO ODONTOIATRICO,40771,EQUIPE DENTALE DI ROTELLI FRANCA,Toscana,AR,Arezzo,Arezzo,52100,"CORSO ITALIA, 236",05751822341
STUDIO ODONTOIATRICO,93349,STUDIO ODONTOIATRICO DOTT. RUGGERO BIONDI,Toscana,AR,Arezzo,Castel Focognano,52016,"VIALE FILIPPO TURATI, 6",0575591466
LABORATORIO ANALISI,85312,LIFEBRAIN TOSCANA S.R.L. - CP CASTIGLION FIORENTINO,Toscana,AR,Arezzo,Castiglion Fiorentino,52043,"C/O MISERICORDIA, DI CASTIGLION FIORENTINO - VIA MADONNA DEL RIVAIO, 84",05751485219
CENTRO DIAGNOSTICO,34129,ISTITUTO ANDREA CESALPINO (GRUPPO ALLIANCE MEDICAL),Toscana,AR,Arezzo,Cortona,52044,"STR. REGIONALE 71, 67",0575678464
CENTRO FISIOTERAPICO,84594,DOTT. EMILIANO FARNETANI FISIOTERAPISTA,Toscana,AR,Arezzo,Foiano della Chiana,52045,"VIA D'AREZZO, 134",0575643017
LABORATORIO ANALISI,85300,LIFEBRAIN TOSCANA S.R.L. - CP FOIANO,Toscana,AR,Arezzo,Foiano della Chiana,52045,"VIA REDDITI, 2/A",0575648833
LABORATORIO ANALISI,85301,LIFEBRAIN TOSCANA S.R.L. - CP MONTE SAN SAVINO,Toscana,AR,Arezzo,Monte San Savino,52048,"VIA ADOLFO FICAI, 6",3461898250
PSICOLOGI,86183,DOTT. GIOVANNI DE SANTIS - PSICOLOGO PSICOTERAPEUTA,Toscana,AR,Arezzo,Montevarchi,52025,"VIA G. PUCCINI, 10",3280110339
STUDIO ODONTOIATRICO,87993,PRIMO SRL - CENTRI DENTISTICI PRIMO - SOLO FORMA INDIRETTA,Toscana,AR,Arezzo,Montevarchi,52025,"VIA ROMA, 1",0550981280
STUDIO ODONTOIATRICO,40353,STUDIO DENTISTICO DOTT. ALESSIO ISANZ,Toscana,AR,Arezzo,Montevarchi,52025,"V.LE MATTEOTTI, 14",055980607
STUDIO ODONTOIATRICO,93351,STUDIO ODONTOIATRICO DOTT. RUGGERO BIONDI,Toscana,AR,Arezzo,Pratovecchio Stia,52015,PIAZZA ENZO DI COCCO 1,0575581008
LABORATORIO ANALISI,85346,LIFEBRAIN TOSCANA S.R.L. - VALDARNO,Toscana,AR,Arezzo,San Giovanni Valdarno,52027,"VIALE ANTONIO GRAMSCI, 24",0559123555
CENTRO FISIOTERAPICO,34340,BLUE CLINIC,Toscana,FI,Firenze,Bagno a Ripoli,50012,"VIA G. GIUSIANI, 4",0556510678
CENTRO FISIOTERAPICO,35629,OSTEO LAB SRL,Toscana,FI,Firenze,Borgo San Lorenzo,50032,"VIA RIPA, 1/A",0550640108
CENTRO POLISPECIALISTICO,40294,AMBULATORIO FARMACIA LA MARINA DR. BURRAFATO VITTORIO,Toscana,FI,Firenze,Calenzano,50041,"VIA DI PRATO, 26",3288314466
STUDIO ODONTOIATRICO,93456,STUDIO ODONTOIATRICO DOTT. MASSIMO BIGONI,Toscana,FI,Firenze,Calenzano,50041,"PIAZZA DELLA COSTITUZIONE, 11",0558825863
CENTRO POLISPECIALISTICO,98320,FONDAZIONE PUBBLICHE ASSISTENZE - PAS,Toscana,FI,Firenze,Campi Bisenzio,50013,"VIA DELLE MOLINA, 56/B",055711111
STUDIO ODONTOIATRICO,85835,CASINI DR. ALESSANDRO DANIELE,Toscana,FI,Firenze,Campi Bisenzio,50013,"VIA MAIANO, 11",0558960686
STUDIO ODONTOIATRICO,99937,RGR GROUP SRL,Toscana,FI,Firenze,Campi Bisenzio,50013,VIA GENOVA 8,055892449
LABORATORIO ANALISI,86921,LIFEBRAIN TOSCANA S.R.L. - CERTALDO,Toscana,FI,Firenze,Certaldo,50052,VIA CAVOUR 65,0571666803
PSICOLOGI,86655,DOTT. MASSIMILIANO PADOVANI,Toscana,FI,Firenze,Certaldo,50052,VIA MATTEOTTI 202,3773661818
CENTRO DIAGNOSTICO,34171,ECOMEDICA SPA,Toscana,FI,Firenze,Empoli,50053,"VIA LUIGI CHERUBINI, 2",057199281
PSICOLOGI,84276,DOTT.SSA CLAUDIA CORTI,Toscana,FI,Firenze,Empoli,50053,"VIA ARRIGO BOITO, 55",3921704866
STUDIO ODONTOIATRICO,99885,CENTRO MEDICO ODONTOIATRICO ANDROMEDA SRL,Toscana,FI,Firenze,Empoli,50053,"VIA CANTINO CANTINI, 44",0571924291
STUDIO ODONTOIATRICO,40893,STUDIO ODONTOIATRICO DOTT. NICOLA PAOLESCHI,Toscana,FI,Firenze,Figline e Incisa Valdarno,50064,"VIA NAZIONALE, 3",0558335604
CASA DI CURA,10500,FRATE SOLE,Toscana,FI,Firenze,Figline Valdarno,50063,"LOC. SAN ROMOLO, 109 FIGLINE VALDARNO FI 50063",055915301
CASA DI CURA,94827,VILLA DELLE TERME SPA,Toscana,FI,Firenze,Firenze,50131,VIA G.B. AMICI 1,0550750641
CASA DI CURA,10701,CENTRO CHIRURGICO FIORENTINO SRL - DAY SURGERY FIRENZE,Toscana,FI,Firenze,Firenze,50124,"VIA DEL FERRONE, 5",0557184271
CASA DI CURA,10522,IFCA - ISTITUTO FIORENTINO DI CURA E ASSISTENZA ULIVELLA E GLICINI,Toscana,FI,Firenze,Firenze,50139,"VIA DEL PERGOLINO, 4/6",0555038500
CASA DI CURA,98504,"PRO.GET SRL ""CASA DI CURA VILLA CHERUBINI""",Toscana,FI,Firenze,Firenze,50133,"VIA SAN DOMENICO, 87/89",055556661
CENTRO DIAGNOSTICO,34120,SPORT CLINIC CENTER,Toscana,FI,Firenze,Firenze,50136,"VIA SCIPIONE AMMIRATO, 102/A",055676141
CENTRO DIAGNOSTICO,34282,LIFE CRONOS S.R.L. FIRENZE,Toscana,FI,Firenze,Firenze,50121,VIA G. AMENDOLA 28,0554378039
CENTRO DIAGNOSTICO,34126,LEONARDO DA VINCI CDM SPA,Toscana,FI,Firenze,Firenze,50136,"VIA COLLETTA, 28",05524821
CENTRO DIAGNOSTICO,34125,ISTITUTO LEONARDO DA VINCI CARDIOLOGIA SRL,Toscana,FI,Firenze,Firenze,50136,"VIA CARLO BOTTA, 1",0552344775
CENTRO DIAGNOSTICO,34438,STUDI MEDICI LEONARDO SRL,Toscana,FI,Firenze,Firenze,50136,"VIA COLLETTA, 28/R",055.24821
CENTRO FISIOTERAPICO,34193,CENTRO FISIOTERAPICO CORPO 53 SRL,Toscana,FI,Firenze,Firenze,50127,"VIALE CORSICA, 92",055333260
CENTRO FISIOTERAPICO,34693,CENTRO ZEN - FISIOTERAPIA E MEDICINA DELLO SPORT S.A.S.,Toscana,FI,Firenze,Firenze,50127,"VIA PAGANINI, 28",0554379758
CENTRO FISIOTERAPICO,34566,ISTITUTO DI CURE FISICHE FLORENCE,Toscana,FI,Firenze,Firenze,50142,VIA DEL SANSOVINO 192,055700442
CENTRO FISIOTERAPICO,34370,FISIOKINETIC CENTRO MEDICO RIABILITATIVO,Toscana,FI,Firenze,Firenze,50124,"VIA DEL FERRONE, 50",055332379
CENTRO POLISPECIALISTICO,98315,FONDAZIONE PUBBLICHE ASSISTENZE - PAS,Toscana,FI,Firenze,Firenze,50135,"VIA ARRIGO DA SETTITIELLO, 5/C",055711111
CENTRO POLISPECIALISTICO,85613,FLORENCE MEDICAL CENTER,Toscana,FI,Firenze,Firenze,50127,"VIA PANCIATICHI, 26/4",0554377187
CENTRO POLISPECIALISTICO,33885,RICERCHE CLINICHE PROF. MANFREDO FANFANI DI FABIO E STEFANIA FANFANI S.N.C.,Toscana,FI,Firenze,Firenze,50129,"P.ZA INDIPENDENZA, 18/B",05549701
CENTRO POLISPECIALISTICO,34051,CAMES SRL,Toscana,FI,Firenze,Firenze,50135,VIA CATERINA FRANCESCHI FERRUCCI 48,0556541049
CENTRO POLISPECIALISTICO,33895,ISTITUTO PROSPERIUS SRL,Toscana,FI,Firenze,Firenze,50133,V. SAN DOMENICO 87,05550661
CENTRO POLISPECIALISTICO,10543,CENTRO DAY SURGERY MAURIZIO BUFALINI,Toscana,FI,Firenze,Firenze,50121,"VIA GINO CAPPONI, 26",055244950
CENTRO POLISPECIALISTICO,35490,CENTRO OCULISTICO SRL,Toscana,FI,Firenze,Firenze,50136,"VIA VITTORIO FOSSOMBRONI, 2/A",0552344569
CENTRO POLISPECIALISTICO,98314,FONDAZIONE PUBBLICHE ASSISTENZE - PAS,Toscana,FI,Firenze,Firenze,50142,"VIA SAN BARTOLO A CINTOIA, 20/H",055711111
CENTRO POLISPECIALISTICO,98319,FONDAZIONE PUBBLICHE ASSISTENZE - PAS,Toscana,FI,Firenze,Firenze,50145,"VIA LAZIO, 10",055711111
CENTRO POLISPECIALISTICO,34364,ISTITUTO DI MEDICINA DELLO SPORT DI FIRENZE,Toscana,FI,Firenze,Firenze,50124,"VIA DEL FERRONE, 5",055332379
LABORATORIO ANALISI,85347,LIFEBRAIN TOSCANA S.R.L. - UMA,Toscana,FI,Firenze,Firenze,50132,"VIALE GIUSEPPE MAZZINI, 16",055242642
LABORATORIO ANALISI,34137,ISTITUTO LEONARDO DA VINCI ANALISI SRL,Toscana,FI,Firenze,Firenze,50136,"VIA P. COLLETTA, 22/R",0552478063
PSICOLOGI,83889,BUSONERO PAMELA,Toscana,FI,Firenze,Firenze,50126,PIAZZA INDIPENDENZA 21,3803158706
PSICOLOGI,96548,SVJETLANA PERINCIC - PSICOLOGA PSICOTERAPEUTA,Toscana,FI,Firenze,Firenze,50129,"VIA SAN GALLO, 79",3299867093
PSICOLOGI,93326,LAURA BIRTOLO,Toscana,FI,Firenze,Firenze,50144,VIALE SPARTACO LAVAGNINI 13,3280385574
PSICOLOGI,83606,TODARO FRANCESCA,Toscana,FI,Firenze,Firenze,50142,VIA DEI BASSI 45 - C/O STUDI MEDICI,3280570715
PSICOLOGI,83641,BELLAVIA ILARIA,Toscana,FI,Firenze,Firenze,50134,"VIA VITTORIO EMANUELE II, 85",3491643371
PSICOLOGI,99880,GIACHI DOTT.SSA ELENA PSICOLOGA - PSICOTERAPEUTA,Toscana,FI,Firenze,Firenze,50129,"VIA LUIGI MICHELAZZI, 21",3381394174
PSICOLOGI,83727,VALENTINI COSTANZA,Toscana,FI,Firenze,Firenze,50134,"VIA LUIGI LANZI, 29",3485282070
PSICOLOGI,83583,SPINA ERIKA,Toscana,FI,Firenze,Firenze,50100,"VIA G. ROSSINI, 22",3383929707
PSICOLOGI,83695,NICCHERI FRANCESCA,Toscana,FI,Firenze,Firenze,50134,"VIA A. ORIANI, 17",3477535726
PSICOLOGI,83532,VANNUCCHI SANDRA,Toscana,FI,Firenze,Firenze,50129,"VIA CAVOUR, 38",3393494478
PSICOLOGI,83562,GORI FRANCESCA,Toscana,FI,Firenze,Firenze,50124,"VIA DELLA GRILLAIA, 23 B",3403134154
PSICOLOGI,83556,GARUGLIERI ALESSANDRO,Toscana,FI,Firenze,Firenze,50132,"VIA GIACOMINI, 30",3295757363
PSICOLOGI,98897,MAGNATTA GIULIA - PSICOLOGA PSICOTERAPEUTA,Toscana,FI,Firenze,Firenze,50134,VIA DEL PALAZZO BRUCIATO,3474481358
PSICOLOGI,99881,GIACHI DOTT.SSA ELENA PSICOLOGA - PSICOTERAPEUTA,Toscana,FI,Firenze,Firenze,50129,VIA DELLE MANTELLATE 3,3381394174
PSICOLOGI,83557,GARUGLIERI ALESSANDRO,Toscana,FI,Firenze,Firenze,50132,"VIA FRA BARTOLOMMEO, 29",3295757363
PSICOLOGI,96549,SVJETLANA PERINCIC - PSICOLOGA PSICOTERAPEUTA,Toscana,FI,Firenze,Firenze,50129,"VIA GIOBERTI, 50",3299867093
PSICOLOGI,86182,DOTT. GIOVANNI DE SANTIS - PSICOLOGO PSICOTERAPEUTA,Toscana,FI,Firenze,Firenze,50134,"VIA VALERIO SANTELLI, 43",3280110339
SOCIETA' DI SERVIZI,50034,BIM SNC,Toscana,FI,Firenze,Firenze,50100,PIAZZA DALMAZIA 19,3661885233
SOCIETA' DI SERVIZI,50033,BIM SNC,Toscana,FI,Firenze,Firenze,50100,VIA DEL GELSOMINO 1,3398881882
STUDIO ODONTOIATRICO,40364,STUDIO DENTISTICO DOTT. FABBRI FEDERICO - (VIA DEL PONTE ALL'ASSE),Toscana,FI,Firenze,Firenze,50144,"VIA DEL PONTE ALL'ASSE, 3/A",055354792
STUDIO ODONTOIATRICO,99584,STUDIO ODONTOIATRICO DOTT.SSA BRUNI FRANCESCA,Toscana,FI,Firenze,Firenze,50129,"VIA DELLO STATUTO, 7",055461465
STUDIO ODONTOIATRICO,40320,STUDIO ODONTOIATRICO DOTT. MARCO INNOCENTI BECCHI,Toscana,FI,Firenze,Firenze,50123,"VIA DEL PARIONE, 16",055215190
STUDIO ODONTOIATRICO,40819,STUDIO ODONTOIATRICO DOTT. FRANCI RICCARDO,Toscana,FI,Firenze,Firenze,50144,"VIALE FRATELLI ROSSELLI, 49",05535276
STUDIO ODONTOIATRICO,40786,STUDIO ODONTOIATRICO BROGI GABRIELE,Toscana,FI,Firenze,Firenze,50144,"VIALE FRATELLI ROSSELLI, 49",3927021212
STUDIO ODONTOIATRICO,99048,STUDIO ODONTOIATRICO ASSOCIATO DOTT.SSE MIGNANI - CONIGLIO,Toscana,FI,Firenze,Firenze,50136,VIA ARETINA 71 ROSSO,055610505
STUDIO ODONTOIATRICO,40253,GABRIELE FLORIA CLINICHE DENTALI SRL,Toscana,FI,Firenze,Firenze,50121,VIALE GIOVANNI AMENDOLA 6,0556149314
STUDIO ODONTOIATRICO,96798,STUDIO ODONTOIATRICO DOTT. ALESSANDRO FIORINI,Toscana,FI,Firenze,Firenze,50129,"VIA DEL PONTE ROSSO, 1",055486543
STUDIO ODONTOIATRICO,98265,MINGARDI DENTAL CENTER SRL - IDEASORRISO,Toscana,FI,Firenze,Firenze,50144,"VIA GIOVANNI PAISIELLO, 8",05033260281
STUDIO ODONTOIATRICO,98895,STUDIO DENTISTICO DOTT. ARONICA GIANLUCA,Toscana,FI,Firenze,Firenze,50127,"VIA CADUTI DI CEFALONIA, 53",0554377881
STUDIO ODONTOIATRICO,41127,STUDIO ASSOCIATO DI ODONTOIATRIA LONGO BELLESI,Toscana,FI,Firenze,Firenze,50136,VIA DEL CAMPOFIORE 18,0556266034
STUDIO ODONTOIATRICO,98896,STUDIO DENTISTICO DOTT. ARONICA GIANLUCA,Toscana,FI,Firenze,Firenze,50127,"VIA DI SOFFIANO, 58/A",055717371
STUDIO ODONTOIATRICO,40891,STUDIO ODONTOIATRICO DOTT. NICOLA PAOLESCHI,Toscana,FI,Firenze,Firenze,50127,"VIA DI NOVOLI, 91/N",0554490930
STUDIO ODONTOIATRICO,86328,STUDIO ODONTOIATRICO DOTT. MASSIMILIANO PIERGUIDI,Toscana,FI,Firenze,Firenze,50141,"VIA FALIERO VEZZANI, 1/B",055415259
STUDIO ODONTOIATRICO,41535,STUDIO ODONTOIATRICO DOTT.SSA MARJA LEENA PELTONEN,Toscana,FI,Firenze,Firenze,50121,"VIA LUIGI SALVATORE CHERUBINI, 20",055218594
STUDIO ODONTOIATRICO,92998,STUDIO ODONTOIATRICO DOTT. GIUSEPPE GARRUBBA,Toscana,FI,Firenze,Firenze,50135,VIA LUNGO L'AFFRICO 42,055660225
STUDIO ODONTOIATRICO,98586,DENTALGEST SRL,Toscana,FI,Firenze,Firenze,50134,"PIAZZALE BERNARDO TANUCCI, 8",800451640
STUDIO ODONTOIATRICO,40889,STUDIO ODONTOIATRICO DOTT. NICOLA PAOLESCHI,Toscana,FI,Firenze,Firenze,50136,"VIALE GRAMSCI, 12",055241208
STUDIO ODONTOIATRICO,99649,STUDIO ODONTOIATRICO DOTT. GHAZINOORI ALI,Toscana,FI,Firenze,Firenze,50121,"VIA VINCENZO GIOBERTI, 107",0552480718
STUDIO ODONTOIATRICO,40365,STUDIO DENTISTICO DOTT. FABBRI FEDERICO - (VIA DEI CONTI),Toscana,FI,Firenze,Firenze,50123,"VIA DEI CONTI 6,",3381894557
STUDIO ODONTOIATRICO,40737,MORINI LEONARDO SRL,Toscana,FI,Firenze,Firenze,50126,VIALE EUROPA 109,055680943
PSICOLOGI,85000,DOTT.SSA VALERIA MIRARCHI-PSICOLOGA,Toscana,FI,Firenze,Fucecchio,50054,"VIA MATTEOTTI, 30",3892912684
CASA DI CURA,94828,VILLA DELLE TERME SPA,Toscana,FI,Firenze,Impruneta,50023,VIA CASSIA 217 PRESIDIO FACCIANI,055237251
LABORATORIO ANALISI,85320,LIFEBRAIN TOSCANA S.R.L. - UMA TAVARNUZZE,Toscana,FI,Firenze,Impruneta,50023,"VIA DELLA REPUBBLICA, 70",0552022952
PSICOLOGI,83684,MANCIOLI MADDALENA,Toscana,FI,Firenze,Montelupo Fiorentino,50056,"VIALE CENTOFIORI, 40",3480356050
STUDIO ODONTOIATRICO,86289,STUDIO ODONTOIATRICO ASSOCIATO FRAU,Toscana,FI,Firenze,Montelupo Fiorentino,50056,"VIALE CENTO FIORI, 40",0571541982
PSICOLOGI,83663,GALLETTA MARIA GRAZIA,Toscana,FI,Firenze,Montespertoli,50025,"VIA ORTIMINO, 60/17",3479540144
STUDIO ODONTOIATRICO,41562,STUDIO ODONTOIATRICO DOTT. LUCIANO NIGI,Toscana,FI,Firenze,Montespertoli,50025,"VIA GUIDO MARTINI, 3",0571608912
CASA DI CURA,10519,VALDISIEVE HOSPITAL,Toscana,FI,Firenze,Pelago,50060,"VIA FORLIVESE, 122",0558391429
CENTRO POLISPECIALISTICO,98318,FONDAZIONE PUBBLICHE ASSISTENZE - PAS,Toscana,FI,Firenze,Pontassieve,50065,"VIA DI ROSANO, 17",055711111
STUDIO ODONTOIATRICO,92999,STUDIO ODONTOIATRICO DOTT. GIUSEPPE GARRUBBA,Toscana,FI,Firenze,Pontassieve,50065,"VIA FRATELLI CERVI, 9",0559560146
STUDIO ODONTOIATRICO,41403,STUDIO ODONTOIATRICO DOTT. SAVERIO GELLI,Toscana,FI,Firenze,San Casciano in Val di Pesa,50026,"VIA VOLTERRA, 49",0557300021
CENTRO POLISPECIALISTICO,98313,FONDAZIONE PUBBLICHE ASSISTENZE - PAS,Toscana,FI,Firenze,Scandicci,50018,"VIA GIUSEPPE BESSI, 2",055711111
PSICOLOGI,84607,DOTT.SSA LUCIANA SARRA,Toscana,FI,Firenze,Scandicci,50018,"PIAZZA GIACOMO MATTEOTTI, 32",3283178927
STUDIO ODONTOIATRICO,41458,STUDIO ODONTOIATRICO DOTT. SAVERIO GELLI,Toscana,FI,Firenze,Scandicci,50018,"VIA LORENZO GHIBERTI, 38",0557300021
STUDIO ODONTOIATRICO,40890,STUDIO ODONTOIATRICO DOTT. NICOLA PAOLESCHI,Toscana,FI,Firenze,Scandicci,50018,"PIAZZALE RESISTENZA, 3",055253131
STUDIO ODONTOIATRICO,83768,STUDIO ODONTOIATRICO DOTT.SSA CLARA INES ARIAS PINEDA,Toscana,FI,Firenze,Scarperia e San Piero,50038,"VIA DEI GIARDINI, 1",3928489717
CASA DI CURA,10032,CASA DI CURA VILLA DONATELLO,Toscana,FI,Firenze,Sesto Fiorentino,50019,VIA ATTILIO RAGIONIERI 101,05550975
CENTRO POLISPECIALISTICO,34544,POLIAMBULATORIO MISERICORDIA SESTO FIORENTINO SRL,Toscana,FI,Firenze,Sesto Fiorentino,50019,PIAZZA SAN FRANCESCO 38/39,0557950111
CENTRO POLISPECIALISTICO,34545,SERVIZI DELLA MISERICORDIA DI SESTO FIORENTINO,Toscana,FI,Firenze,Sesto Fiorentino,50019,VIA DI QUERCETO 76,0557950111
STUDIO ODONTOIATRICO,84160,STUDIO ODONTOIATRICO DOTT.SSA MARIA PAOLA DOMENICHETTI,Toscana,FI,Firenze,Sesto Fiorentino,50019,VIA T. TASSO 88,0554210941
STUDIO ODONTOIATRICO,99622,STUDIO ODONTOIATRICO DOTT. FABIO MARCHI,Toscana,FI,Firenze,Sesto Fiorentino,50019,"VIA A. GRAMSCI, 411",055443345
STUDIO ODONTOIATRICO,40566,STUDIO ODONTOIATRICO ASSOCIATO BARTOLINI - FILIPPONI,Toscana,FI,Firenze,Sesto Fiorentino,50019,"VIA DI QUERCETO, 58",0554215136
STUDIO ODONTOIATRICO,40453,STUDIO ODONTOIATRICO DOTT. NICOLA CANNATELLO,Toscana,FI,Firenze,Sesto Fiorentino,50019,"VIA SANTA CATERINA, 5",0554212826
STUDIO ODONTOIATRICO,87169,CENTRO MEDICO DENTISTICO DOTT.BETTARINI MATTEO,Toscana,FI,Firenze,Sesto Fiorentino,50019,"VIALE PALMIRO TOGLIATTI, 145",3293651139
STUDIO ODONTOIATRICO,40292,STUDIO ODONTOIATRICO DR.SSA VANNUCCI VERONICA,Toscana,FI,Firenze,Sesto Fiorentino,50019,VIA SANTA CATERINA 5,0554212826
STUDIO ODONTOIATRICO,40892,STUDIO ODONTOIATRICO DOTT. NICOLA PAOLESCHI,Toscana,FI,Firenze,Sesto Fiorentino,50019,"VIA GRAMSCI, 253",0554490430
STUDIO ODONTOIATRICO,41574,STUDIO ODONTOIATRICO DOTT. MASSIMO PINI,Toscana,FI,Firenze,Sesto Fiorentino,50019,"VIA MATTEO RENATO IMBRIANI, 2",055444798
STUDIO ODONTOIATRICO,99049,STUDIO ODONTOIATRICO ASSOCIATO DOTT.SSE MIGNANI - CONIGLIO,Toscana,FI,Firenze,Vicchio,50039,VIA I MAGGIO. 1,0558448740
CASA DI CURA,10505,CASA DI CURA  LEONARDO,Toscana,FI,Firenze,Vinci,50059,"VIA PIETRO GROCCO, 136",0571902322
PSICOLOGI,83899,GIOVANNELLI PAOLA,Toscana,GR,Grosseto,Arcidosso,58031,"VIA FONTE NUOVA,6 MONTELATERONE",3293536909
CENTRO POLISPECIALISTICO,98176,HORUSTUDIO SRL,Toscana,GR,Grosseto,Castel del Piano,58033,"VIA FONTE MURATA, 1",0564954129
CENTRO DIAGNOSTICO,34209,STUDIO FISIOKINESITERAPICO FOLLONICHESE,Toscana,GR,Grosseto,Follonica,58022,"VIA BICOCCHI, 1/E",0566263298
CENTRO DIAGNOSTICO,34248,HERMES SRL,Toscana,GR,Grosseto,Grosseto,58100,"VIA AURELIA NORD, 60",0564462044
CENTRO DIAGNOSTICO,34128,ISTITUTO ANDREA VESALIO (GRUPPO ALLIANCE MEDICAL),Toscana,GR,Grosseto,Grosseto,58100,"VIA RUBINO, 31/33",0575678465
CENTRO DIAGNOSTICO,34283,ISTITUTO SENESE ANALISI MEDICHE SNC,Toscana,GR,Grosseto,Grosseto,58100,"VIA POLA, 38",056424190
CENTRO POLISPECIALISTICO,33879,PEGASO SNC,Toscana,GR,Grosseto,Grosseto,58100,"VIA BIRMANIA, 72/74",0564462045
LABORATORIO ANALISI,34165,LABORATORIO ANALISI GAMMA SRL,Toscana,GR,Grosseto,Grosseto,58100,"VIA MONTE LEONI, 6/D",0564451184
PSICOLOGI,83658,DE SIMONE MICHELA,Toscana,GR,Grosseto,Grosseto,58100,"VIA MONTE LEONI, 6",3286771744
PSICOLOGI,85561,DOTT.SSA PECCIANTI VIRGINIA,Toscana,GR,Grosseto,Grosseto,58100,STRADA FATTORIA CRESPI,3498617850
SOCIETA' DI SERVIZI,50035,GROSSETOASSISTENZA DI TIRIBOCCHI RICCARDO,Toscana,GR,Grosseto,Grosseto,58100,VIA REPUBBLICA DOMENICANA C.C. EUROPA 100,0564457913
STUDIO ODONTOIATRICO,40335,STUDIO DENTISTICO ASSOCIATO DOTT. DE CESARIS KOUVALIS,Toscana,GR,Grosseto,Grosseto,58100,"VIALE PORCIATTI, 25",056429457
STUDIO ODONTOIATRICO,40736,STUDIO DENTISTICO DOTT. STEFANO BANCI BUONAMICI,Toscana,GR,Grosseto,Grosseto,58100,VIA ROMA 60,056423884
STUDIO ODONTOIATRICO,98858,STUDIO ODONTOIATRICO DOTT. GIUSEPPE DI SANTI,Toscana,GR,Grosseto,Monte Argentario,58019,"VIA SAN PAOLO DELLA CROCE, 16",0564831227
CENTRO FISIOTERAPICO,34617,FISIOSPORT LIVORNO SNC DI MILIANTI M. E CANTELLI L.,Toscana,LI,Livorno,Collesalvetti,57014,"VIA LA MALFA UGO, 18 -STAGNO",0586941244
LABORATORIO ANALISI,85331,LIFEBRAIN TOSCANA S.R.L. - GUASTICCE,Toscana,LI,Livorno,Collesalvetti,57014,"VIA SPAGNA, 8",0586292000
CENTRO DIAGNOSTICO,95163,CRPO CENTRO RICERCA E PREVENZIONE ONCOLOGICA,Toscana,LI,Livorno,Livorno,57121,"VIA GIOVANNI MARCH, 20",0586444034
CENTRO DIAGNOSTICO,34648,CENTRO SANITARIO,Toscana,LI,Livorno,Livorno,57121,"VIA G. MARCH, 12/14",0586425770
CENTRO DIAGNOSTICO,34772,IRADIT SRL,Toscana,LI,Livorno,Livorno,57125,"VIA SCALI DEGLI OLANDESI, 14",0586898070
CENTRO FISIOTERAPICO,34921,STUDIO FISIO LG DI LEONARDO E LUCA GINI,Toscana,LI,Livorno,Livorno,57124,"VIA LAMPREDI, 81",0586401344
CENTRO FISIOTERAPICO,35606,ASSOCIAZIONE TRA PROFESSIONISTI FISIOMED,Toscana,LI,Livorno,Livorno,57128,"VIA DUCA COSIMO, 56",0586509850
CENTRO FISIOTERAPICO,34797,NUOVA KINESIS SNC,Toscana,LI,Livorno,Livorno,57128,"VIA DELL'ARDENZA, 75/A",0586810519
CENTRO FISIOTERAPICO,34837,FISIOS SRL CENTRO FISIOTERAPICO TOSCANO,Toscana,LI,Livorno,Livorno,57121,"VIA G. MARCH, 14",0586425593
CENTRO FISIOTERAPICO,34634,FISIOKINETIC+,Toscana,LI,Livorno,Livorno,57121,VIA LAMPREDI 3,0586424148
CENTRO POLISPECIALISTICO,34627,CENTRO MEDICO PORTA A TERRA SRL,Toscana,LI,Livorno,Livorno,57121,"VIA GIOTTO CIARDI, 8",0586260496
CENTRO POLISPECIALISTICO,35614,VIRTUSMEDICA SAS - CENTRO MEDICO MENS SANA SAN MARCO,Toscana,LI,Livorno,Livorno,57122,"VIA LAMARMORA, 4",0586898483
CENTRO POLISPECIALISTICO,35356,SVS GESTIONE SERVIZI SRL,Toscana,LI,Livorno,Livorno,57123,"VIA SAN GIOVANNI, 30",0586888888
CENTRO POLISPECIALISTICO,34917,COSMER SRL - VIA DEL GAZOMETRO,Toscana,LI,Livorno,Livorno,57122,"VIA DEL GAZOMETRO, 14",0586015300
CENTRO POLISPECIALISTICO,34317,CENTRO DIAZ S.R.L.,Toscana,LI,Livorno,Livorno,57123,"SCALI D'AZEGLIO, 19",0586896310
LABORATORIO ANALISI,85319,LIFEBRAIN TOSCANA S.R.L. - CS STOPPA,Toscana,LI,Livorno,Livorno,57126,"VIA CECCONI, 50",0586808486
LABORATORIO ANALISI,85318,LIFEBRAIN TOSCANA S.R.L. - CS CIPRIANI,Toscana,LI,Livorno,Livorno,57126,"SCALI MANZONI, 33",0586899285
STUDIO ODONTOIATRICO,84645,CENTRO ODONTOIATRICO SAS CLINIC DI CACCIO' MARCO,Toscana,LI,Livorno,Livorno,57127,"VIA SAN JACOPO IN ACQUAVIVA, 21",0586814185
STUDIO ODONTOIATRICO,40604,STUDIO ODONTOIATRICO DOTT. CONTI ALESSIO,Toscana,LI,Livorno,Livorno,57124,"PIAZZA DANTE, 81",0586425486
STUDIO ODONTOIATRICO,95257,STUDIO ODONTOIATRICO DOTT. FABRIZIO BORRELLI,Toscana,LI,Livorno,Livorno,57125,"VIA CALZABIGI, 1",0586809300
STUDIO ODONTOIATRICO,40278,CENTRO MEDICO PORTA A TERRA SRL,Toscana,LI,Livorno,Livorno,57121,VIA GIOTTO CIARDI 8,0586260496
STUDIO ODONTOIATRICO,98126,DENTAL CLINIQUE,Toscana,LI,Livorno,Livorno,57127,"VIALE CARDUCCI, 76",058618887
STUDIO ODONTOIATRICO,41308,PRIMO SRL - CENTRI DENTISTICI PRIMO - SOLO FORMA INDIRETTA,Toscana,LI,Livorno,Livorno,57125,"VIA AUGUSTO NOVELLI, 2,4,6,8",0586080930
STUDIO ODONTOIATRICO,40044,STUDIO ODONTOIATRICO ASSOCIATO DEI DOTTORI BARCALI - FENZI - BRUNO - MORI,Toscana,LI,Livorno,Livorno,57121,VIA GIOVANNI MARCH 14/C,0586425600
STUDIO ODONTOIATRICO,40898,STUDIO ODONTOIATRICO DOTT. NICOLA PAOLESCHI,Toscana,LI,Livorno,Livorno,57125,"PIAZZA DELLA VITTORIA, 7",0586880922
STUDIO ODONTOIATRICO,40045,STUDIO ODONTOIATRICO DOTT.SSA GIOVANNA FENZI,Toscana,LI,Livorno,Livorno,57123,"PIAZZA GRANDE, 38",0586891031
STUDIO ODONTOIATRICO,40346,STUDIO DENTISTICO DR. PARRINI RICCARDO,Toscana,LI,Livorno,Livorno,57100,"P.ZZA BENAMOZEGH, 17",0586896407
PSICOLOGI,98484,SERENA FRANCI - PSICOLOGA PSICOTERAPEUTA,Toscana,LI,Livorno,Piombino,57025,"LUNGOMARE GUGLIELMO MARCONI, 208",3498797230
STUDIO ODONTOIATRICO,88060,PRIMO SRL - CENTRI DENTISTICI PRIMO - SOLO FORMA INDIRETTA,Toscana,LI,Livorno,Piombino,57025,"VIA CESARE LOMBROSO, 55",05651828004
STUDIO ODONTOIATRICO,40366,STUDIO DENTISTICO DOTT. FABBRI FEDERICO - (LOCALITA' CAMPACCIO),Toscana,LU,Lucca,Bagni di Lucca,55022,"VIA LOCALITA' CAMPACCIO, 1/2",3381894557
CENTRO POLISPECIALISTICO,86433,CENTRO MEDICO SPECIALISTICO VERSILIA,Toscana,LU,Lucca,Camaiore,55041,"VIA DEL SECCO, 43",0584617631
STUDIO ODONTOIATRICO,40670,STUDIO ODONTOIATRICO DOTT. ANGELO SOLURI,Toscana,LU,Lucca,Camaiore,55041,"VIA CARDUCCI, 83",050573595
CASA DI CURA,95332,SAN CAMILLO FORTE DEI MARMI,Toscana,LU,Lucca,Forte dei Marmi,55042,"VIA IGNAZIO DA CARRARA PADRE, 37",0584752124
CENTRO DIAGNOSTICO,34004,CENTRO DIAGNOSTICO FORTIS S.R.L.,Toscana,LU,Lucca,Forte dei Marmi,55042,"VIA P. IGNAZIO DA CARRARA, 39",0584752105
CASA DI CURA,10354,M.D. BARBANTINI (SANTA CHIARA SRL),Toscana,LU,Lucca,Lucca,55100,"VIA DEL CALCIO, 2",058391971
CENTRO DIAGNOSTICO,34625,CENTRO MEDICO SAN MARCO,Toscana,LU,Lucca,Lucca,55100,VIALE A.MARTI 43,0583.342432
CENTRO DIAGNOSTICO,34053,ISTITUTO RADIOLOGICO MARTINI SRL,Toscana,LU,Lucca,Lucca,55100,"VIA ROMANA, 231",0583491406
CENTRO FISIOTERAPICO,35187,BIOMEDICAL CENTRO MEDICO SRL,Toscana,LU,Lucca,Lucca,55100,"VIA BORGO GIANNOTTI, 405",0583341625
CENTRO POLISPECIALISTICO,34773,VAFF QUATTRO SRL,Toscana,LU,Lucca,Lucca,55100,"VIA BUSDRAGHI, 4",0583342432
COOPERATIVA,95223,CENTRO SANITA' SOLIDALE SRL - IMPRESA SOCIALE,Toscana,LU,Lucca,Lucca,55100,"VIA PUBBLICI MACELLI, 101",0583327790
LABORATORIO ANALISI,34779,LAMM SRL,Toscana,LU,Lucca,Lucca,55100,"VIA ROMANA, 231",0583581491
LABORATORIO ANALISI,34290,CENTRO ANALISI L.A.M.M. SRL (LOC. S. ANNA),Toscana,LU,Lucca,Lucca,55100,"VIA CAVALLETTI, 183",0583581491
PSICOLOGI,83884,BERNARDI FEDERICA,Toscana,LU,Lucca,Lucca,55100,"VIA PASSAMONTI, 442",3496941260
SOCIETA' DI SERVIZI,50037,LUCCASSISTENZA DI MARCO COLOMBINI,Toscana,LU,Lucca,Lucca,55100,VIA DEI PIAGGESI 31/C,0583419627
STUDIO ODONTOIATRICO,93204,DENSANEA - CLINICA ODONTOIATRICA SRL,Toscana,LU,Lucca,Lucca,55100,"VIALE REGINA MARGHERITA, 129",0583954222
STUDIO ODONTOIATRICO,84385,STUDIO ODONTOIATRICO DOTT. LUIGI GIORGI,Toscana,LU,Lucca,Lucca,55100,"VIA TERESA BANDETTINI, 313",058356643
STUDIO ODONTOIATRICO,40896,STUDIO ODONTOIATRICO DOTT. NICOLA PAOLESCHI,Toscana,LU,Lucca,Lucca,55100,"VIALE EUROPA, 707/C",0583587867
STUDIO ODONTOIATRICO,98129,DENTAL CLINIQUE,Toscana,LU,Lucca,Lucca,55100,"VIALE GIOVANNI PACINI, 297",05080686
STUDIO ODONTOIATRICO,41484,STUDIO ODONTOIATRICO DOTT.SSA  MICHELA PARDINI,Toscana,LU,Lucca,Lucca,55100,VIA PUCCINI 862,0583587620
STUDIO ODONTOIATRICO,96543,SAN MATTEO S.R.L.,Toscana,LU,Lucca,Lucca,55100,"VIA SARZANESE, 922",058359113
CENTRO FISIOTERAPICO,84583,STUDIO FISIO' DI DANIELE MAREMMANI,Toscana,LU,Lucca,Pietrasanta,55045,VIA UMBRIA 3,0584792828
PSICOLOGI,83642,BIGICCHI LUCA,Toscana,LU,Lucca,Pietrasanta,55045,"VIA CAPRIGLIA, 140",3473569464
STUDIO ODONTOIATRICO,41457,STUDIO DENTISTICO DOTT. ANDREA GATTAI,Toscana,LU,Lucca,Pietrasanta,55045,VIA CARSO 2 MARINA DI PIETRASANTA LU 55059,058422403
PSICOLOGI,96452,CITTADINO ELEONORA - PSICOLOGA,Toscana,LU,Lucca,Porcari,55016,"VIA DEL CENTENARIO, 58",3384251947
CENTRO DIAGNOSTICO,34152,EIDO DIAGNOSTICA,Toscana,LU,Lucca,Viareggio,55049,"VIA AURELIA SUD, 154/A",0584388744
CENTRO POLISPECIALISTICO,96782,POLO SANITARIO,Toscana,LU,Lucca,Viareggio,55049,"CORSO GARIBALDI, 1",0584181891
COOPERATIVA,96609,VITA NOVA ONLUS,Toscana,LU,Lucca,Viareggio,55049,"VIA LEONARDO DA VINCI, 233",0584960353
PSICOLOGI,98899,CHIUSALUPI MARTINA - PSICOLOGA,Toscana,LU,Lucca,Viareggio,55049,"VIA LEONIDA REPACI, 16",3272158492
PSICOLOGI,98900,CHIUSALUPI MARTINA - PSICOLOGA,Toscana,LU,Lucca,Viareggio,55049,"CORSO GARIBALDI, 208",3272158492
STUDIO ODONTOIATRICO,40897,STUDIO ODONTOIATRICO DOTT. NICOLA PAOLESCHI,Toscana,LU,Lucca,Viareggio,55049,"VIA GIUSEPPE GIUSTI, 1",058450313
STUDIO ODONTOIATRICO,88179,CAREDENT ITALIA SPA - CENTRI DENTISTICI PRIMO - SOLO FORMA INDIRETTA,Toscana,LU,Lucca,Viareggio,55049,"VIA GIUSEPPE MAZZINI, 47",05841530584
STUDIO ODONTOIATRICO,98752,STUDIO ODONTOIATRICO DOTT. GABRIELE GORI,Toscana,LU,Lucca,Viareggio,55049,"PIAZZA D'AZEGLIO, 3",05841780265
STUDIO ODONTOIATRICO,40723,STUDIO ODONTOIATRICO DOTT. ROSSI REMO,Toscana,LU,Lucca,Viareggio,55049,"VIA GARIBALDI, 152",800586981
STUDIO ODONTOIATRICO,40705,STUDIO ODONTOIATRICO BALDINI ADRIANO,Toscana,LU,Lucca,Viareggio,55049,"PIAZZA DEL POPOLO, 2",800586981
STUDIO ODONTOIATRICO,41456,STUDIO DENTISTICO DOTT. ANDREA GATTAI,Toscana,LU,Lucca,Viareggio,55049,"VIA BEATO ANGELICO, 31",058451055
CENTRO FISIOTERAPICO,34405,CENTRO FISIOKINESITERAPICO AULLESE,Toscana,MS,Massa-Carrara,Aulla,54011,"VIA CERRI, 63",0187421154
CENTRO FISIOTERAPICO,35760,FISIOREHAB 360,Toscana,MS,Massa-Carrara,Carrara,54033,VIA CASTELLARO 1,0585600313
STUDIO ODONTOIATRICO,97814,PRIMO SRL - CENTRI DENTISTICI PRIMO - SOLO FORMA INDIRETTA,Toscana,MS,Massa-Carrara,Carrara,54033,"VIA MAZZINI, 11",800959564
STUDIO ODONTOIATRICO,99548,STUDIO ODONTOIATRICO DOTT. PANTANI MASSIMO,Toscana,MS,Massa-Carrara,Carrara,54033,"VIALE GALILEO GALILEI, 16",0585858003
STUDIO ODONTOIATRICO,40899,STUDIO ODONTOIATRICO DOTT. NICOLA PAOLESCHI,Toscana,MS,Massa-Carrara,Carrara,54033,VIALE XX SETTEMBRE 31/BIS,0585844591
CENTRO DIAGNOSTICO,34063,STUDIO RADIOLOGICO MERGONI SRL,Toscana,MS,Massa-Carrara,Massa,54100,"PIAZZA GARIBALDI, 9/3",058541350
CENTRO DIAGNOSTICO,35765,DICRA SRL,Toscana,MS,Massa-Carrara,Massa,54100,"VIA BASTIONE, 6",0585811897
CENTRO POLISPECIALISTICO,35934,MEDICAL TRADE SRL,Toscana,MS,Massa-Carrara,Massa,54100,"VIA PONTICELLO SUD, 4",058544449
PSICOLOGI,87266,DOTT. FABIO BACCI BONOTTI PSICOLOGO PSICOTERAPEUTA,Toscana,MS,Massa-Carrara,Massa,54100,"VIA MASSA AVENZA, 2",0585253425
STUDIO ODONTOIATRICO,40700,STUDIO DENTISTICO ASSOCIATO DR. BRUNO PASINI E DR. MARCO PASINI,Toscana,MS,Massa-Carrara,Massa,54100,"VIALE ROMA, 213",0585253318
STUDIO ODONTOIATRICO,40270,STUDIO DENTISTICO DR FONTANA MATTEO,Toscana,MS,Massa-Carrara,Massa,54100,VIA MASSA AVENZA 2,0585791192
STUDIO ODONTOIATRICO,41185,STUDIO ODONTOIATRICO DOTT. GIUSEPPE CARLOTTI,Toscana,PI,Pisa,Bientina,56031,VIA A. PACINI 70,0587755641
STUDIO ODONTOIATRICO,98127,DENTAL CLINIQUE,Toscana,PI,Pisa,Calcinaia,56012,"VIA TOSCO ROMAGNOLA, 338",0587398116
LABORATORIO ANALISI,85314,LIFEBRAIN TOSCANA S.R.L. - CS CASCINA,Toscana,PI,Pisa,Cascina,56021,VIA TOSCO ROMAGNOLA N. 1987 - C/O SPAZIO BENESSERE,050777720
STUDIO ODONTOIATRICO,41261,STUDIO ODONTOIATRICO DOTT. FRANCESCO BERTUCCI,Toscana,PI,Pisa,Cascina,56021,"VIA T. ROMAGNOLA, 1456",050744280
STUDIO ODONTOIATRICO,98725,ROS CLINICA DENTALE S.R.L.,Toscana,PI,Pisa,Cascina,56021,"VIA TOSCOROMAGNOLA, 203",0508732055
CENTRO POLISPECIALISTICO,98789,SPAZIO BENESSERE SRL,Toscana,PI,Pisa,Navacchio,56023,"VIA TOSCO ROMAGNOLA, 1987",050777720
CENTRO POLISPECIALISTICO,98788,SPAZIO BENESSERE SRL,Toscana,PI,Pisa,Navacchio,56023,"VIA NOVELLA, 5",050777720
CASA DI CURA,10352,SAN ROSSORE SRL,Toscana,PI,Pisa,Pisa,56122,"VIALE DELLE CASCINE, 152/F",050588111
CENTRO POLISPECIALISTICO,34733,VISTA VISION SRL - SEDE DI PISA,Toscana,PI,Pisa,Pisa,56126,"VIA RISORGIMENTO, 38",050552196
CENTRO POLISPECIALISTICO,35188,BIOMEDICAL CENTRO MEDICO SRL,Toscana,PI,Pisa,Pisa,56121,"VIA DELLE BOCCHETTE, 1",050575591
PSICOLOGI,83649,CESTARI ZAIRA,Toscana,PI,Pisa,Pisa,56125,"VIA C. CATTANEO, 25",3737243845
PSICOLOGI,83640,AMBROSETTI FEDERICO,Toscana,PI,Pisa,Pisa,56127,"VIA SANTA BIBBIANA, 1",3312829111
STUDIO ODONTOIATRICO,40451,STUDIO ODONTOIATRICO DR. ROSSELLA GUANTINI,Toscana,PI,Pisa,Pisa,56124,"VIA GIOBERTI, 37",050543689
STUDIO ODONTOIATRICO,40465,STUDIO ODONTOIATRICO DOTT.SSA GIGLI FRANCESCA,Toscana,PI,Pisa,Pisa,56122,"VIA TOMMASO ROOK, 89",3393380283
STUDIO ODONTOIATRICO,40669,STUDIO ODONTOIATRICO DOTT. ANGELO SOLURI,Toscana,PI,Pisa,Pisa,56124,"VIA CISANELLO, 32",050573595
STUDIO ODONTOIATRICO,40301,STUDIO ODONTOIATRICO DOTT. CONTI ALESSIO,Toscana,PI,Pisa,Pisa,56128,"VIALE DEL TIRRENO, 90",0586425486
STUDIO ODONTOIATRICO,40742,STUDIO ODONTOIATRICO DOTT. COSTANTINO FRANCESCHI,Toscana,PI,Pisa,Pisa,56125,"VIA SAN MARTINO, 20",050501924
STUDIO ODONTOIATRICO,98125,DENTAL CLINIQUE,Toscana,PI,Pisa,Pisa,56127,"VIA SAN FRANCESCO, 1",050980980
STUDIO ODONTOIATRICO,98128,DENTAL CLINIQUE,Toscana,PI,Pisa,Pisa,56125,PIAZZA SANT'ANTONIO 2,05080686
STUDIO ODONTOIATRICO,98642,BIO - DEN.T PLUS,Toscana,PI,Pisa,Ponsacco,56038,"VIA TOGLIATTI, 41 A/B/C",3913086581
CENTRO FISIOTERAPICO,95432,STUDIO FISIOTERAPICO FERRARA SRL,Toscana,PI,Pisa,San Giuliano Terme,56017,"VIA ULISSE DINI GELLO, 84",050818607
CENTRO FISIOTERAPICO,35607,STUDIO FISIOTERAPICO MARCO BRAGAZZI,Toscana,PI,Pisa,San Giuliano Terme,56017,"VIA G. CARDUCCI, 60",0503143507
CENTRO DIAGNOSTICO,95126,SIRIO SRLS,Toscana,PI,Pisa,San Miniato,56028,VIA GUERRAZZI 102,057143264
CENTRO DIAGNOSTICO,34925,CENTRO RADIOLOGICO ICAL MED SRL,Toscana,PI,Pisa,San Miniato,56028,"VIA FERRANTE APORTI, 1316",0571419761
STUDIO ODONTOIATRICO,40894,STUDIO ODONTOIATRICO DOTT. NICOLA PAOLESCHI,Toscana,PI,Pisa,Santa Croce sull'Arno,56029,"VIA VIVIANI, 4",0571367523
PSICOLOGI,98907,ZANOBINI CARLOTTA - PSICOLOGA NEUROPSICOLOGA,Toscana,PI,Pisa,Terricciola,56030,"VIA SALAIOLA, 50",0587670200
PSICOLOGI,98924,NATOLA ILENIA - PSICOLOGA NEUROPSICOLOGA,Toscana,PI,Pisa,Terricciola,56030,"VIA SALAIOLA, 50",3332056449
STUDIO ODONTOIATRICO,40732,STUDIO ODONTOIATRICO DOTT. ZIZZA GIUSEPPE,Toscana,PO,Prato,Montemurlo,59013,VIA MATTEOTTI 45-48-52,800586981
CENTRO POLISPECIALISTICO,34621,ISTITUTO PRATESE DI RADIOMAGNETICA  - GRUPPO ALLIANCE MEDICAL,Toscana,PO,Prato,Poggio a Caiano,59016,VIA DEL GRANAIO 1,0558798529
STUDIO ODONTOIATRICO,41401,STUDIO ODONTOIATRICO DOTT. SAVERIO GELLI,Toscana,PO,Prato,Poggio a Caiano,59016,"VIA SILVIO PELLICO, 6",0558777182
CENTRO DIAGNOSTICO,35965,IMT RADIOLOGIA S.R.L.,Toscana,PO,Prato,Prato,59100,"VIA E. BARSANTI,24",0574548911
CENTRO DIAGNOSTICO,34130,ISTITUTO PRATESE DI RADIODIAGNOSTICA (GRUPPO ALLIANCE MEDICAL),Toscana,PO,Prato,Prato,59100,"VIALE MARCONI, 50",0574592131
CENTRO DIAGNOSTICO,34281,CENTRO CHIRURGICO OFTALMOLOGICO LIFE CRONOS SRL - SEDE DI PRATO,Toscana,PO,Prato,Prato,59100,"VIALE DELLA REPUBBLICA, 227",0574583833
CENTRO FISIOTERAPICO,94855,FISIOMED S.R.L,Toscana,PO,Prato,Prato,59100,"VIA EVARISTO GHERARDI, 42",0574693238
CENTRO FISIOTERAPICO,34852,OVERPHYSIO,Toscana,PO,Prato,Prato,59100,"VIA G. INGHIRAMI, 19/D",0574560913
CENTRO FISIOTERAPICO,98576,ISTITUTO FISIOTERAPICO IL CASTELLO SNC,Toscana,PO,Prato,Prato,59100,"VIA PALLACORDA, 12",0574442355
CENTRO FISIOTERAPICO,34747,FISIOMAKBI UNINOMINALE SRL,Toscana,PO,Prato,Prato,59100,VIALE MONTEGRAPPA 116,0574593900
CENTRO FISIOTERAPICO,34009,SPORT CENTER PRATO DI LUCIANO BATTISTON,Toscana,PO,Prato,Prato,59100,"VIALE MONTEGRAPPA, 163",0574594366
CENTRO POLISPECIALISTICO,34882,IAMA SRL,Toscana,PO,Prato,Prato,59100,"VIA PISTOIESE, 613/2",0574433466
CENTRO POLISPECIALISTICO,34972,ISTITUTO MEDICO TOSCANO SRL,Toscana,PO,Prato,Prato,59100,"VIA E. BARSANTI, 24",0574548911
CENTRO POLISPECIALISTICO,34540,DIAGNOSYS SRL,Toscana,PO,Prato,Prato,59100,VIA LEPANTO 21/23,057431303
COOPERATIVA,50052,COOPERATIVA SOCIALE PROGETTO ASSISTENZA ONLUS,Toscana,PO,Prato,Prato,59100,PIAZZA LIPPI 33,057436076
COOPERATIVA,20355,PANE E ROSE COOPERATIVA SOCIALE ONLUS,Toscana,PO,Prato,Prato,59100,VIALE VITTORIO VENETO 9,0574611501
LABORATORIO ANALISI,85496,LIFEBRAIN TOSCANA S.R.L. - MONTEGRAPPA,Toscana,PO,Prato,Prato,59100,"VIALE MONTEGRAPPA, 116",0574594781
LABORATORIO ANALISI,85497,LIFEBRAIN TOSCANA S.R.L. - MONTEGRAPPA BCP1,Toscana,PO,Prato,Prato,59100,"VIALE MARCONI, 50",0574592131
PSICOLOGI,93297,DOTT.SSA FEDERICA GIULI,Toscana,PO,Prato,Prato,59100,"VIA PISTOIESE, 93",3472332333
STUDIO ODONTOIATRICO,40567,STUDIO ODONTOIATRICO ASSOCIATO BARTOLINI - FILIPPONI,Toscana,PO,Prato,Prato,59100,"VIA FOSSO DEL MASI, 154",0574061233
STUDIO ODONTOIATRICO,40295,AMBULATORIO FARMACIA VILLA FIORITA DR. BURRAFATO VITTORIO,Toscana,PO,Prato,Prato,59100,"VIA MALPIGHI, 7",0558879609
STUDIO ODONTOIATRICO,40775,STUDIO ODONTOIATRICO PAOLA MANNELLI,Toscana,PO,Prato,Prato,59100,"VIALE DELLA REPUBBLICA, 279",0574582473
STUDIO ODONTOIATRICO,40291,STUDIO ODONTOIATRICO DR NERUCCI PAOLO,Toscana,PO,Prato,Prato,59100,VIA PIERO DELLA FRANCESCA 29,0574562520
STUDIO ODONTOIATRICO,99677,STUDIO ODONTOIATRICO DOTT.SSA SQUARCI VIRGINIA,Toscana,PO,Prato,Prato,59100,"VIA FRANCESCO FERRUCCI, 95/D",0574535315
STUDIO ODONTOIATRICO,41511,DOTT. ANDREA FERRARI,Toscana,PO,Prato,Prato,59100,"VIA DELLA RICOSTRUZIONE, 26",057442279
STUDIO ODONTOIATRICO,40262,STUDIO DENTISTICO DR FERRANTI FEDERICO,Toscana,PO,Prato,Prato,59100,VIA A.SPADINI 37,0574584929
STUDIO ODONTOIATRICO,87190,STUDIO ODONTOIATRICO ASSOCIATO BETTINI GIUGNO,Toscana,PO,Prato,Prato,59100,"VIA GALILEO FERRARIS, 57",0574757423
STUDIO ODONTOIATRICO,97812,PRIMO SRL - CENTRI DENTISTICI PRIMO  - SOLO FORMA INDIRETTA,Toscana,PO,Prato,Prato,59100,"VIALE MONTEGRAPPA, 116/N",800959564
STUDIO ODONTOIATRICO,41240,STUDIO ODONTOIATRICO DOTT. NICOLA PAOLESCHI,Toscana,PO,Prato,Prato,59100,"VIA MONTEGRAPPA, 282",0574550431
STUDIO ODONTOIATRICO,40383,STUDIO TRE ODONTOIATRIA DEL DOTT. A. MARTELLI E C. SNC,Toscana,PO,Prato,Prato,59100,"VIA T. MAGAZZINI, 38",0574693709
STUDIO ODONTOIATRICO,40738,MORINI CLINICA MEDICA ODONTOIATRICA,Toscana,PO,Prato,Seano,59011,VIA SALVO D'ACQUISTO 5,0558707007
LABORATORIO ANALISI,85309,LIFEBRAIN TOSCANA S.R.L. - AGLIANA,Toscana,PT,Pistoia,Agliana,51031,"PIAZZETTA DELLA MISERICORDIA, 1",0574751395
STUDIO ODONTOIATRICO,40254,GABRIELE FLORIA CLINICHE DENTALI SRL,Toscana,PT,Pistoia,Monsummano Terme,51015,VIA MAZZINI 45/1,0572505165
STUDIO ODONTOIATRICO,40329,STUDIO DENTISTICO DOTT. SODINI RICCARDO,Toscana,PT,Pistoia,Monsummano Terme,51015,"VIA DELL'UNITA, 167/C",0572952295
STUDIO ODONTOIATRICO,41443,STUDIO ODONTOIATRICO DOTT. SANDRO MAGNOLFI,Toscana,PT,Pistoia,Montale,51037,PIAZZA MARCONI 4,0573557333
COOPERATIVA,93813,M.P.R. SRL,Toscana,PT,Pistoia,Montecatini-Terme,51016,VIA TRIESTE 7/A,0572910028
LABORATORIO ANALISI,34780,LAMM SRL CENTRO ANALISI,Toscana,PT,Pistoia,Pescia,51017,"P.ZZA MAZZINI, 75",0583581491
SOCIETA' DI SERVIZI,50051,VELLUTINI LORENZA,Toscana,PT,Pistoia,Pescia,51017,PIAZZA GIUSEPPE MAZZINI 75,3664652133
CASA DI CURA,10490,CASA DI CURA PRIVATA SAN PAOLO SPA,Toscana,PT,Pistoia,Pistoia,51100,"VIA BONELLINA, 199",0573380481
CENTRO DIAGNOSTICO,95307,ALLIANCE MEDICAL DIAGNOSTIC,Toscana,PT,Pistoia,Pistoia,51100,"VIA PRATESE, 136",0573939450
CENTRO DIAGNOSTICO,34131,ISTITUTO RADIOLOGICO TOSCANO (GRUPPO ALLIANCE MEDICAL),Toscana,PT,Pistoia,Pistoia,51100,"VIA G. B. VICO, 2A",0573984801
CENTRO DIAGNOSTICO,34223,SANAVIR SRL,Toscana,PT,Pistoia,Pistoia,51100,VIA FIUME 4,0573976088
CENTRO DIAGNOSTICO,34235,FISIOLABOR VILLA MARIA SRL,Toscana,PT,Pistoia,Pistoia,51100,VIA FIUME 2,0573976088
CENTRO FISIOTERAPICO,84784,CENTRO FISIOTERAPICO VIGNALI,Toscana,PT,Pistoia,Pistoia,51100,"VIA CLAUDIO MONTEVERDI, 45",0573364037
CENTRO FISIOTERAPICO,34014,MEDICAL SPORT DUE SRL,Toscana,PT,Pistoia,Pistoia,51100,"VIA DONATI, 3/5/9",0573366558
CENTRO FISIOTERAPICO,34236,VILLA MARIA SRL ISTITUTO DI DIAGNOSI E TERAPIA,Toscana,PT,Pistoia,Pistoia,51100,"VIA FIUME, 8",0573308105
COOPERATIVA,93812,M.P.R. SRL,Toscana,PT,Pistoia,Pistoia,51100,VIA ATTILIO FROSINI 87,0573994501
LABORATORIO ANALISI,85498,LIFEBRAIN TOSCANA S.R.L. -  MONTEGRAPPA BCP2,Toscana,PT,Pistoia,Pistoia,51100,"VIA GIANBATTISTA VICO, 2/A",0573984801
PSICOLOGI,83918,ULIVI SABRINA,Toscana,PT,Pistoia,Pistoia,51100,"VICOLO MALCONSIGLIO, 4",3386678997
PSICOLOGI,93299,"DOTTORESSA FEDERICA GIULI, PSICOLOGA E PSICOTERAPEUTA",Toscana,PT,Pistoia,Pistoia,51100,VIA DELL'OLMO 6/B,3472332333
SOCIETA' DI SERVIZI,50050,VELLUTINI LORENZA,Toscana,PT,Pistoia,Pistoia,51100,VIA BASTIONE MEDICEO 80,3664652133
STUDIO ODONTOIATRICO,85417,CENTRO DI ODONTOIATRIA E STOMATOLOGIA FRANCESCO PERRINI,Toscana,PT,Pistoia,Pistoia,51100,"VIA LUCA SIGNORELLI, 5/7",057329068
STUDIO ODONTOIATRICO,93629,STUDIO ODONTOIATRICO DOTT. DOMENICO ASMONE,Toscana,PT,Pistoia,Pistoia,51100,VIA VANNUCCI 45,0573365316
STUDIO ODONTOIATRICO,85322,CIEFFE ODONTOIATRICA S.R.L.,Toscana,PT,Pistoia,Pistoia,51100,"VIA BASSA DELLA VERGINE, 36/2",0573976579
STUDIO ODONTOIATRICO,40170,LE CLINICHE ODONTOIATRICHE,Toscana,PT,Pistoia,Pistoia,51100,VIA DEL ROCCON ROSSO 27,057326232
STUDIO ODONTOIATRICO,40535,STUDIO ODONTOIATRICO DOTT. CUOMO FRANCESCO,Toscana,SI,Siena,Castellina in Chianti,53011,"VIA FERRUCCIO, 54",0577740593
CENTRO FISIOTERAPICO,34186,STUDIO FISIOTERAPICO DR. FABIO COLONNELLO,Toscana,SI,Siena,Castelnuovo Berardenga,53019,"VIA ROSSO DEGLI ALDOBRANDESCHI, 18",0577366223
CENTRO POLISPECIALISTICO,35095,UPMC INSTITUTE FOR HEALTH CHIANCIANO TERME,Toscana,SI,Siena,Chianciano Terme,53042,VIALE ROMA 97/99,800055595
LABORATORIO ANALISI,86918,LIFEBRAIN TOSCANA S.R.L. - LIFEBRAIN ALPHA,Toscana,SI,Siena,Chiusi,53043,"VIA REDI, 10",3450802317
LABORATORIO ANALISI,85302,LIFEBRAIN TOSCANA S.R.L. - LABOR SERVICE IPPOCRATE,Toscana,SI,Siena,Colle di Val d'Elsa,53034,"VIA FRATELLI BANDIERA, 67",05771915066
PSICOLOGI,99648,BACHER MARIKA - PSICOLOGA PSICOTERAPEUTA,Toscana,SI,Siena,Colle di Val d'Elsa,53034,"VIALE DEI MILLE, 24",0577929715
STUDIO ODONTOIATRICO,98823,STUDIO ODONTOIATRICO DOTT.SSA ELISA SANI,Toscana,SI,Siena,Colle di Val d'Elsa,53034,"LARGO DELLA MISERICORDIA 1, LOC. LE GRAZIE",3470813913
STUDIO ODONTOIATRICO,40314,STUDIO ODONTOIATRICO DR. MARCO MUGNAINI,Toscana,SI,Siena,Colle di Val d'Elsa,53034,"VIA GRAMSCI, 73",0577920124
STUDIO ODONTOIATRICO,40060,STUDIO ODONTOIATRICO DR. TOMAS MARCO JOOSTEN,Toscana,SI,Siena,Colle di Val d'Elsa,53034,VIA F.LLI BANDIERA 38 B/C,3355489347
CENTRO FISIOTERAPICO,34149,CENTRO DI FISIOTERAPIA E MEDICINA RIABILITATIVA CE.FI.M.,Toscana,SI,Siena,Monteriggioni,53035,"VIA S. PERTINI, 36 LOC. MONTARIOSO",0577595189
LABORATORIO ANALISI,86920,LIFEBRAIN TOSCANA S.R.L.- RUGANI,Toscana,SI,Siena,Monteriggioni,53035,LOC. COLOMBAIO SS22 CHIANTIGIANA,3492557641
CENTRO DIAGNOSTICO,34180,ISTITUTO MASSOFISIOTERAPICO LUSINI,Toscana,SI,Siena,Poggibonsi,53036,"PIAZZA G. LA PIRA, 2/3",0577981853
CENTRO DIAGNOSTICO,34119,CENTRO MEDICO E RIABILITATIVO PERFORMANCE VALDELSA,Toscana,SI,Siena,Poggibonsi,53036,"LOC. SALCETO, 89/A",0577985553
LABORATORIO ANALISI,85317,LIFEBRAIN TOSCANA S.R.L. - LABOR SERVICE POGGIBONSI,Toscana,SI,Siena,Poggibonsi,53036,"PIAZZA INDUSTRIA, 2/A",0577939860
PSICOLOGI,99077,TANZINI ELISA - PSICOLOGA PSICOTERAPEUTA,Toscana,SI,Siena,Poggibonsi,53036,"LOC. SALCETO, 37",3884432575
CENTRO DIAGNOSTICO,34118,CENTRO MEDICO E RIABILITATIVO PERFORMANCE,Toscana,SI,Siena,Siena,53100,"STRADA MASSETANA ROMANA, 58/A",057745500
CENTRO FISIOTERAPICO,34713,STUDIO FISIOTERAPICO LORENZINI CHRISTIAN,Toscana,SI,Siena,Siena,53100,"VIALE C. BENSO DI CAVOUR, 178",3491805408
PSICOLOGI,83657,DE SIMONE MICHELA,Toscana,SI,Siena,Siena,53100,"STRADA MASSETANA ROMANA, 50/A",3286771744
PSICOLOGI,99076,TANZINI ELISA - PSICOLOGA PSICOTERAPEUTA,Toscana,SI,Siena,Siena,53100,"VIA FIORENTINA, 67",3884432575
SOCIETA' DI SERVIZI,50057,SIENASSISTENZA DI MACCHERINI BARBARA,Toscana,SI,Siena,Siena,53100,VIA B. PERUZZI 75,0577286361
STUDIO ODONTOIATRICO,40186,STUDIO DENTISTICO DI ORTODONZIA DR. MAFFEI,Toscana,SI,Siena,Siena,53100,VIA MONTANINI 132,057744641
STUDIO ODONTOIATRICO,40348,STUDIO ODONTOIATRICO ASSOCIATO DR. CERRETTI - DR. PINI,Toscana,SI,Siena,Siena,53100,"VIA TOZZI, 7",0577285224
STUDIO ODONTOIATRICO,40351,STUDIO DENTISTICO DR. GASPARONI,Toscana,SI,Siena,Siena,53100,"VIALE SARDEGNA, 37",057743288
STUDIO ODONTOIATRICO,41112,STUDIO ODONTOIATRICO DOTT. ANTOIO NATALE,Toscana,SI,Siena,Siena,53100,"VIA PIAN D'OVILE, 17/19",0577275874
STUDIO ODONTOIATRICO,93114,STUDIO ODONTOIATRICO DOTT. ANDREA FERRARI,Toscana,SI,Siena,Siena,53100,VIA MASSETANA ROMANA 50/A,3392240986
SOCIETA' DI SERVIZI,50056,SIENASSISTENZA DI MACCHERINI BARBARA,Toscana,SI,Siena,Sinalunga,53048,VIA G. DI VITTORIO 93,3316329822
LABORATORIO ANALISI,85310,LIFEBRAIN TOSCANA S.R.L. - SAN ROCCO A PILLI,Toscana,SI,Siena,Sovicille,53018,"VIA C. CARLI, 46 / PIAZZA PERUZZI C/O STUDI MEDICI",0577348077
STUDIO ODONTOIATRICO,41113,STUDIO ODONTOIATRICO DOTT. ANTONIO NATALE,Toscana,SI,Siena,Torrita di Siena,53049,PIAZZA NAZIONI UNITE,0577686315
STUDIO ODONTOIATRICO,84208,STUDIO ODONTOIATRICO DOTT. GIUSEPPE DI GIOIA,Toscana,SI,Siena,Torrita di Siena,53049,VIA DELLA COSTITUZIONE 1,0577684078